Code,Product & Net Content,MRP(Rs.),DP(Rs.),BV,PV,,,,,,,,,,,,,,,,,,,,
PC0039,All Pure Hand Sanitizer (60ml),30,28,2.8,0.1,,,,,,,,,,,,,,,,,,,,
PC0041,All Pure Hand Sanitizer (250ml),125,115,28.75,1.06,,,,,,,,,,,,,,,,,,,,
PC0042,All Pure Hand Sanitizer (500ml),250,225,56.25,2.08,,,,,,,,,,,,,,,,,,,,
PC0044,All Pure Moringa Hand Sanitizer (250ml),125,115,28.75,1.06,,,,,,,,,,,,,,,,,,,,
PC0045,All Pure Moringa Hand Sanitizer (500ml),250,225,56.25,2.08,,,,,,,,,,,,,,,,,,,,
PC0054,All Pure Aloe Vera Hand Sanitizer (250ml),125,115,28.75,1.06,,,,,,,,,,,,,,,,,,,,
PC0056,All Pure Aloe Vera Hand Sanitizer (500ml),250,225,56.25,2.08,,,,,,,,,,,,,,,,,,,,
PC0043,All Pure Moringa Hand Sanitizer (100ml),75,68,17.05,0.63,,,,,,,,,,,,,,,,,,,,
PC1006,FOTE Shampoo with Henna & Jojoba Oil (Hair Fall Control) (200ml),195,163,81.5,3.02,,,,,,,,,,,,,,,,,,,,
PC1005,FOTE Shampoo with Arnica & Tea Tree Oil (Dandruff Control) (200ml),195,163,81.5,3.02,,,,,,,,,,,,,,,,,,,,
PC1002,FOTE Conditioner with Aloe vera & Almond Oil (Smooth & Shine) (150ml),198,170,102,3.78,,,,,,,,,,,,,,,,,,,,
PC5258,FOTE Shampoo with Henna & Jojoba Oil (Hair Fall Control) (100ml),120,100,50,1.85,,,,,,,,,,,,,,,,,,,,
PC5257,FOTE Shampoo with Arnica & Tea Tree Oil (Dandruff Control) (100ml),120,100,50,1.85,,,,,,,,,,,,,,,,,,,,
PC5259,FOTE Conditioner with Aloe vera & Almond Oil (Smooth & Shine) (100ml),140,120,60,2.22,,,,,,,,,,,,,,,,,,,,
PC0050,FOTE Shampoo with Henna & Jojoba Oil (Hair Fall Control) - Sachet (6 ml x 48 N),192,168,67.2,2.49,,,,,,,,,,,,,,,,,,,,
PC0051,FOTE Shampoo with Arnica & Tea Tree Oil (Dandruff Control) - Sachet (6 ml x 48 N),192,168,67.2,2.49,,,,,,,,,,,,,,,,,,,,
PC1014,FOTE Red Obsession Hydrating Mist (100ml),599,520,312,11.56,,,,,,,,,,,,,,,,,,,,
PC1015,FOTE Calming White Hydrating Mist (100ml),599,520,312,11.56,,,,,,,,,,,,,,,,,,,,
PC1016,FOTE Blooms of Eden Hydrating Mist (100ml),599,520,312,11.56,,,,,,,,,,,,,,,,,,,,
PC3002,Salon Hair Oil with Conditioner (100ml),115,98,49,1.81,,,,,,,,,,,,,,,,,,,,
PC3001,Salon Daily Shine-Nourishing Shampoo (200ml),219,183,109.8,4.07,,,,,,,,,,,,,,,,,,,,
PC3000,Salon Clean & Protect-Dandruff Control Shampoo (200ml),240,200,120,4.44,,,,,,,,,,,,,,,,,,,,
PC5247,Salon Professional Advance Formula Hair Fall Defense Shampoo (200ml),280,233,139.8,5.18,,,,,,,,,,,,,,,,,,,,
PC5245,Salon Professional Advance Formula Dandruff Care Shampoo (200ml),280,233,139.8,5.18,,,,,,,,,,,,,,,,,,,,
PC5246,Salon Professional Advance Formula Smooth & Shine Shampoo (200ml),280,233,139.8,5.18,,,,,,,,,,,,,,,,,,,,
PC5248,Salon Professional Advance Formula Radiant Shine Conditioner (200ml),295,246,147.6,5.47,,,,,,,,,,,,,,,,,,,,
PC0048,Salon Professional Advance Formula Hair Fall Defense Shampoo - Sachet (6 ml x 48 N),192,168,67.2,2.49,,,,,,,,,,,,,,,,,,,,
PC0047,Salon Professional Advance Formula Dandruff Care Shampoo - Sachet (6 ml x 48 N),192,168,67.2,2.49,,,,,,,,,,,,,,,,,,,,
PC0049,Salon Professional Advance Formula Smooth & Shine Shampoo - Sachet (6 ml x 48 N),192,168,67.2,2.49,,,,,,,,,,,,,,,,,,,,
PC0034,Salon Professional Amla Non-sticky Hair Oil (100ml),65,55,22,0.81,,,,,,,,,,,,,,,,,,,,
PC0033,Salon Professional Ayurvedic Cool Herbal Oil (100ml),90,75,30,1.11,,,,,,,,,,,,,,,,,,,,
PC5285,Salon Professional Argan Oil of Morocco Hair Treatment Oil (100ml),725,604,362.25,13.42,,,,,,,,,,,,,,,,,,,,
PC5284,Salon Professional Argan Oil of Morocco Moisture Repair Shampoo (200ml) NEW,475,396,238,8.81,,,,,,,,,,,,,,,,,,,,
PC5283,Salon Professional Argan Oil of Morocco Moisture Repair Conditioner (200ml) NEW,475,396,238,8.81,,,,,,,,,,,,,,,,,,,,
PC5232,Salon Professional Hair Color-Natural Black (1),450,415,166,6.15,,,,,,,,,,,,,,,,,,,,
PC5233,Salon Professional Hair Color-Dark Brown (2),450,415,166,6.15,,,,,,,,,,,,,,,,,,,,
PC5234,Salon Professional Hair Color-Brown (3),450,415,166,6.15,,,,,,,,,,,,,,,,,,,,
PC5235,Salon Professional Hair Color-Chocolate (4),450,415,166,6.15,,,,,,,,,,,,,,,,,,,,
PC5236,Salon Professional Hair Color-Light Brown (5),450,415,166,6.15,,,,,,,,,,,,,,,,,,,,
PC5237,Salon Professional Hair Color-Dark Blond (6),450,415,166,6.15,,,,,,,,,,,,,,,,,,,,
PC5280,Salon Professional Advance Formula Nourish & Shine Hair Oil (100ml),115,98,49,1.81,,,,,,,,,,,,,,,,,,,,
BC0002,Baby Spa Nourishing Soap (75g),65,59,32.45,1.2,,,,,,,,,,,,,,,,,,,,
BC0003,Baby Spa Milk Cream (50g),90,82,45.1,1.67,,,,,,,,,,,,,,,,,,,,
BC0004,Baby Spa Moisturising Lotion (200ml),161,147,80.85,2.99,,,,,,,,,,,,,,,,,,,,
BC0005,Baby Spa No-Tears Shampoo (200ml),175,159,87.45,3.24,,,,,,,,,,,,,,,,,,,,
BC0007,Baby Spa Diaper Rash Cream (50g),140,127,69.85,2.59,,,,,,,,,,,,,,,,,,,,
BC0008,Baby Spa Massage Oil (200ml),195,177,97.35,3.61,,,,,,,,,,,,,,,,,,,,
BC0009,Baby Spa Talc Powder (100g),75,68,37.4,1.39,,,,,,,,,,,,,,,,,,,,
BC0010,Baby Spa 2 in 1 Bubble Bath & Wash (200ml),221,201,110.55,4.09,,,,,,,,,,,,,,,,,,,,
BC0012,Baby Spa Soft Cleansing Wipes (80 N),225,205,82,3.04,,,,,,,,,,,,,,,,,,,,
PC2000,Fresh Moments Toothpaste (100g),75,62,31,1.15,,,,,,,,,,,,,,,,,,,,
PC2001,Fresh Moments Toothbrush (3 N),204,174,87,3.22,,,,,,,,,,,,,,,,,,,,
PC2002,Fresh Moments Toothbrush (4 N),176,150,75,2.78,,,,,,,,,,,,,,,,,,,,
PC2004,Fresh Moments Gel Toothpaste (100g),90,75,37.5,1.39,,,,,,,,,,,,,,,,,,,,
PC0035,Fresh Moments Anti-Cavity Toothpaste (100g),48,40,10,0.37,,,,,,,,,,,,,,,,,,,,
PC0036,Fresh Moments Herbal Toothpaste (100g),58,48,12,0.44,,,,,,,,,,,,,,,,,,,,
PC5229,Sofwash White Pearl Soap (4 N x 75g),190,160,80,2.96,,,,,,,,,,,,,,,,,,,,
PC4003,Sofwash Glycerin & Honey Bar (2 N x 100g),170,150,75,2.78,,,,,,,,,,,,,,,,,,,,
PC4011,Sofwash Sandal Soap (100g),33,26,6.5,0.24,,,,,,,,,,,,,,,,,,,,
PC4013,Sofwash Lime Soap (100g),33,26,6.5,0.24,,,,,,,,,,,,,,,,,,,,
PC4014,Sofwash Anti-bacterial Soap (75g),48,40,20,0.74,,,,,,,,,,,,,,,,,,,,
PC4010,Sofwash Aloe Vera; Neem; Tulsi Soap (100g),33,26,6.5,0.24,,,,,,,,,,,,,,,,,,,,
PC4012,Sofwash Orange Soap (100g),33,26,6.5,0.24,,,,,,,,,,,,,,,,,,,,
PC4005,Sofwash 3 IN 1 Hand Wash; Shower Gel & Bubble Bath - Green Apple (250ml),162,142,85.2,3.16,,,,,,,,,,,,,,,,,,,,
PC4001,Sofwash 3 IN 1 Hand Wash; Shower Gel & Bubble Bath - Berry Strawberry (250ml),162,142,85.2,3.16,,,,,,,,,,,,,,,,,,,,
PC4002,Sofwash 3 IN 1 Hand Wash; Shower Gel & Bubble Bath - Citrusy Lime (250ml),162,142,85.2,3.16,,,,,,,,,,,,,,,,,,,,
BC0011,Sofwash Kids 3 IN 1 Hand Wash; Shower Gel & Bubble Bath - Bubble Gum (250ml),275,239,143.4,5.31,,,,,,,,,,,,,,,,,,,,
PC4007,Sofwash 3 IN 1 Hand Wash; Shower Gel & Bubble Bath - Berry Strawberry Refill Pouch (500ml) NEW,260,225,135,5,,,,,,,,,,,,,,,,,,,,
PC4008,Sofwash 3 IN 1 Hand Wash; Shower Gel & Bubble Bath - Green Apple Refill Pouch (500ml) NEW,260,225,135,5,,,,,,,,,,,,,,,,,,,,
PC4009,Sofwash 3 IN 1 Hand Wash; Shower Gel & Bubble Bath - Citrusy Lime Refill Pouch (500ml) NEW,260,225,135,5,,,,,,,,,,,,,,,,,,,,
PC0001,Essensual Hand & Body Lotion (Allantoin & Vitamin E) (200ml),264,219,131.4,4.87,,,,,,,,,,,,,,,,,,,,
PC5243,Essensual Hand & Body Lotion (Allantoin & Vitamin E) (100ml),165,140,84,3.11,,,,,,,,,,,,,,,,,,,,
PC0002,Essensual Hand & Body Lotion (Glycerine & Honey) (200ml),264,219,131.4,4.87,,,,,,,,,,,,,,,,,,,,
PC5242,Essensual Hand & Body Lotion (Glycerine & Honey) (100ml),165,140,84,3.11,,,,,,,,,,,,,,,,,,,,
PC5244,Essensual Soft & Smooth Intensive Foot Care Cream (100ml),225,190,114,4.22,,,,,,,,,,,,,,,,,,,,
PC0004,Essensual Perfumed Deo Spray-Momentum (150ml),190,163,97.8,3.62,,,,,,,,,,,,,,,,,,,,
PC0006,Essensual Perfumed Deo Spray-Ocean Blue (150ml),190,163,97.8,3.62,,,,,,,,,,,,,,,,,,,,
PC0005,Essensual Perfumed Deo Spray-Indulge (150ml),190,163,97.8,3.62,,,,,,,,,,,,,,,,,,,,
PC0007,Essensual Perfumed Deo Spray-Oriental Spice (150ml),190,163,97.8,3.62,,,,,,,,,,,,,,,,,,,,
PC0008,Essensual Hand Sanitizer with Vitamin E (60ml),88,80,48,1.78,,,,,,,,,,,,,,,,,,,,
PC0014,Essensual Hand Sanitizer with Vitamin E (250ml),125,115,11.5,0.43,,,,,,,,,,,,,,,,,,,,
PC0003,Essensual Instante Tea Tree Oil with Vitamin E (15ml),330,275,165,6.11,,,,,,,,,,,,,,,,,,,,
PC0012,Essensual Perfumed Body Talc-Dreams (400g),193,161,96.6,3.58,,,,,,,,,,,,,,,,,,,,
PC0010,Essensual Perfumed Body Talc-Dreams (100g),72,60,36,1.33,,,,,,,,,,,,,,,,,,,,
PC0013,Essensual Perfumed Body Talc-Wild Flower (400g),193,161,96.6,3.58,,,,,,,,,,,,,,,,,,,,
PC0011,Essensual Perfumed Body Talc-Wild Flower (100g),72,60,36,1.33,,,,,,,,,,,,,,,,,,,,
PC9000,Essensual Body Puff - Ultra Soft & Gentle (1 N),88,74,44.4,1.64,,,,,,,,,,,,,,,,,,,,
PC0030,Essensual Pocket Perfume Spice Woods (18ml),80,68,20,0.76,,,,,,,,,,,,,,,,,,,,
PC0031,Essensual Pocket Perfume Wild Girl (18ml),80,68,20,0.76,,,,,,,,,,,,,,,,,,,,
PC0032,Essensual Pocket Perfume Dusky Desire (18ml),80,68,20,0.76,,,,,,,,,,,,,,,,,,,,
PC0029,Essensual Pocket Perfume Romantic Orchid (18ml) NEW,80,68,20,0.76,,,,,,,,,,,,,,,,,,,,
PC5011,Velocity Men Smooth Shave Gel (50g),125,105,57.75,2.14,,,,,,,,,,,,,,,,,,,,
PC5008,Velocity Men Hair Styling Gel (50g),90,78,42.9,1.59,,,,,,,,,,,,,,,,,,,,
PC5004,Velocity Men Energising Shower Gel (150ml),240,209,114.95,4.26,,,,,,,,,,,,,,,,,,,,
PC5007,Velocity Men Fortifying Shampoo (150ml),193,165,90.75,3.36,,,,,,,,,,,,,,,,,,,,
PC5001,Velocity Men After Shave Splash (100ml),215,187,102.85,3.81,,,,,,,,,,,,,,,,,,,,
PC5003,Velocity Men Deodorising Body Talc (100g),72,60,33,1.22,,,,,,,,,,,,,,,,,,,,
PC5010,Velocity Men Premium Shaving Cream (70g),115,100,55,2.04,,,,,,,,,,,,,,,,,,,,
PC5002,Velocity Men Body Spray (125ml / 88g),199,170,85,3.15,,,,,,,,,,,,,,,,,,,,
PC6032,Velocity Men Fortifying Hair Conditioner (100ml),176,153,84.15,3.12,,,,,,,,,,,,,,,,,,,,
PC5009,Velocity Men Oil Clear Face Wash (50g),129,110,66,2.44,,,,,,,,,,,,,,,,,,,,
PC5005,Velocity Men Fairness Cream (50g),140,121,72.6,2.69,,,,,,,,,,,,,,,,,,,,
PC6035,Velocity Men Cool Menthol Shampoo (150ml),193,165,90.75,3.36,,,,,,,,,,,,,,,,,,,,
PC5012,Velocity Men Twin Blade Plus Readyshaver (5 N),130,120,48,1.78,,,,,,,,,,,,,,,,,,,,
PC5014,Velocity Men 7 in 1 Beard Growth Oil (30ml),340,296,163,6.03,,,,,,,,,,,,,,,,,,,,
PC6049,Sanitary Napkin - Regular 245 mm (15 N),225,205,112.75,4.18,,,,,,,,,,,,,,,,,,,,
PC6050,Sanitary Napkin - Large 290 mm (15 N),245,225,123.75,4.58,,,,,,,,,,,,,,,,,,,,
PC6051,Sanitary Napkin - X-Large 320 mm (15 N),265,240,132,4.89,,,,,,,,,,,,,,,,,,,,
HL2031,Large (1Navy Blue Mask+1 Black Mask) 2 N,230,199,99.5,3.69,,,,,,,,,,,,,,,,,,,,
HL2032,Medium (1Navy Blue Mask+1 Black Mask) 2 N,230,199,99.5,3.69,,,,,,,,,,,,,,,,,,,,
HL2036,Extra Comfort (Black Mask) 1 N,190,165,83,3.07,,,,,,,,,,,,,,,,,,,,
HL2033,Large - Black Color (2 N),250,215,108,4,,,,,,,,,,,,,,,,,,,,
HL2034,Medium - Black Color (2 N),250,215,108,4,,,,,,,,,,,,,,,,,,,,
HL2035,Medium - Pink Color (2 N),250,215,108,4,,,,,,,,,,,,,,,,,,,,
HL2039,Medium - Dark Grey Color (2 N),250,215,108,4,,,,,,,,,,,,,,,,,,,,
HL2040,Large - Dark Grey Color (2 N),250,215,108,4,,,,,,,,,,,,,,,,,,,,
HL2041,Medium - Light Grey Color (2 N),250,215,108,4,,,,,,,,,,,,,,,,,,,,
HL2042,Large - Light Grey Color (2 N),250,215,108,4,,,,,,,,,,,,,,,,,,,,
HL2037,Pack of 2 with 1 Lanyard (2 N) NEW,250,225,113,4.18,,,,,,,,,,,,,,,,,,,,
HL0001,Black (1 N),699,583,349.8,12.96,,,,,,,,,,,,,,,,,,,,
HL0002,Blue (1 N),699,583,349.8,12.96,,,,,,,,,,,,,,,,,,,,
HL0003,Magenta (1 N),699,583,349.8,12.96,,,,,,,,,,,,,,,,,,,,
HL0004,Silver (1 N),699,583,349.8,12.96,,,,,,,,,,,,,,,,,,,,
HL2059,Soch Badlo (1 N),699,583,349.8,12.96,,,,,,,,,,,,,,,,,,,,
HL2023,Family Pack (4 N),2299,1916,1149.5,42.57,,,,,,,,,,,,,,,,,,,,
HL2021,Modicare Enviroglobe Silver (1 N),4500,3750,2250,83.33,,,,,,,,,,,,,,,,,,,,
HL2022,Modicare Enviroglobe Rose Gold (1 N),4500,3750,2250,83.33,,,,,,,,,,,,,,,,,,,,
FP0003,Fruit of the Earth C.T.C & Long Leaf Tea (250g),199,140,56,2.07,,,,,,,,,,,,,,,,,,,,
FP0002,Fruit of the Earth Power Green Tea (2g x 25 N),205,178,71.2,2.64,,,,,,,,,,,,,,,,,,,,
FP0006,Fruit of the Earth Coconut Oil (500ml),235,204,40.8,1.51,,,,,,,,,,,,,,,,,,,,
FP3008,Fruit of the Earth 100% Pure Instant Coffee (50g),155,135,54,2,,,,,,,,,,,,,,,,,,,,
FP3009,Fruit of the Earth Instant Blended Coffee (50g),155,135,54,2,,,,,,,,,,,,,,,,,,,,
FP0005,Soul Flavours Cardamom Seeds (5g),55,50,30,1.11,,,,,,,,,,,,,,,,,,,,
FP3050,Soul Flavours Active Rice Bran Oil Pouch (1L),205,185,37,1.37,,,,,,,,,,,,,,,,,,,,
FP3072,Soul Flavours Active Rice Bran Oil (5L),999,899,179.8,6.66,,,,,,,,,,,,,,,,,,,,
606000,Soul Flavours Active Rice Bran Oil Dispenser (1 N),150,125,50,1.85,,,,,,,,,,,,,,,,,,,,
FP3071,Soul Flavours Kachi Ghani Cold Pressed Mustard Oil (5L),999,899,89.9,3.33,,,,,,,,,,,,,,,,,,,,
FP3007,Soul Flavours Penne Rigate (Pasta) (500g),185,161,64.4,2.39,,,,,,,,,,,,,,,,,,,,
FP0016,Soul Flavours Cow Ghee (1L),670,615,61.5,2.28,,,,,,,,,,,,,,,,,,,,
FP0010,Soul Flavours Pure Honey (500g),330,300,120,4.44,,,,,,,,,,,,,,,,,,,,
FP0011,Soul Flavours Pure Honey with Tulsi (500g),395,359,143.6,5.32,,,,,,,,,,,,,,,,,,,,
FP0012,Soul Flavours Pure Honey with Ginger (500g),395,359,143.6,5.32,,,,,,,,,,,,,,,,,,,,
FP0013,Soul Flavours All Natural Stevia Powder (200g),465,423,169.2,6.27,,,,,,,,,,,,,,,,,,,,
FP0026,Soul Flavours Shahi Mukhwas (75g),175,160,64,2.37,,,,,,,,,,,,,,,,,,,,
FP0008,Soul Flavours Amla Candy Sweet (500g),265,250,100,3.7,,,,,,,,,,,,,,,,,,,,
FP0009,Soul Flavours Chatpata Amla Candy (500g),265,250,100,3.7,,,,,,,,,,,,,,,,,,,,
FP0027,Soul Flavours Shahi Pan (75g),220,200,80,2.96,,,,,,,,,,,,,,,,,,,,
FP3030,Soul Flavours Haldi Powder (100g),33,30.5,7.63,0.28,,,,,,,,,,,,,,,,,,,,
FP3053,Soul Flavours Haldi Powder (200g),62,57,14.25,0.53,,,,,,,,,,,,,,,,,,,,
FP3023,Soul Flavours Lal Mirch Powder (100g),49,47,11.77,0.44,,,,,,,,,,,,,,,,,,,,
FP3054,Soul Flavours Lal Mirch Powder (200g),96,92,23,0.85,,,,,,,,,,,,,,,,,,,,
FP3025,Soul Flavours Jeera Powder (100g),67,63.5,15.88,0.59,,,,,,,,,,,,,,,,,,,,
FP3027,Soul Flavours Dhania Powder (100g),33,30.5,7.63,0.28,,,,,,,,,,,,,,,,,,,,
FP3055,Soul Flavours Dhania Powder (200g),62,57,14.25,0.53,,,,,,,,,,,,,,,,,,,,
FP3034,Soul Flavours Garam Masala (100g),72,68.5,17.13,0.63,,,,,,,,,,,,,,,,,,,,
FP3029,Soul Flavours Kali Mirch Powder (100g),160,152,38,1.41,,,,,,,,,,,,,,,,,,,,
FP0032,Soul Flavours Quinoa (500g),225,200,100,3.7,,,,,,,,,,,,,,,,,,,,
FP3044,Soul Pops Kaccha Aam (50 N),50,47,9.4,0.35,,,,,,,,,,,,,,,,,,,,
FP3051,Soul Pops Chatpata Orange Candy (50 N),50,47,9.4,0.35,,,,,,,,,,,,,,,,,,,,
FP3052,Soul Pops Gazab Guava Candy (50 N),50,47,9.4,0.35,,,,,,,,,,,,,,,,,,,,
FP3057,Soul Pops Masala Soda Candy (50 N),50,47,9.4,0.35,,,,,,,,,,,,,,,,,,,,
FP3058,Soul Pops Fruit Chaat Candy (50 N),50,47,9.4,0.35,,,,,,,,,,,,,,,,,,,,
FP0028,Soul Pops Strawberry & Mango Assorted Lollipops (12 N),108,98,58.8,2.18,,,,,,,,,,,,,,,,,,,,
FP0033,Soul Flavours Strong CTC Tea (250g) NEW,125,99,24.75,0.92,,,,,,,,,,,,,,,,,,,,
AB0007,Rose (84 N),65,50,15,0.56,,,,,,,,,,,,,,,,,,,,
AB0008,Lavender (84 N),65,50,15,0.56,,,,,,,,,,,,,,,,,,,,
AB0009,Sandal (84 N),65,50,15,0.56,,,,,,,,,,,,,,,,,,,,
AB0010,Champa (84 N),65,50,15,0.56,,,,,,,,,,,,,,,,,,,,
AB0011,Jasmine (84 N),65,50,15,0.56,,,,,,,,,,,,,,,,,,,,
AB0012,Kewda (84 N),65,50,15,0.56,,,,,,,,,,,,,,,,,,,,
HC3030,Mighty In-One Multipurpose Cleaner (250ml),130,113,56.5,2.09,,,,,,,,,,,,,,,,,,,,
HC3031,Mighty In-One Shine & Protect (250ml),350,304,152,5.63,,,,,,,,,,,,,,,,,,,,
HC0010,SteriClean - Disinfectant Cleaner (1000ml),350,304,152,5.63,,,,,,,,,,,,,,,,,,,,
HC0002,Duz All Advanced Concentrated Multi Purpose Cleaner (250ml),125,109,54.5,2.02,,,,,,,,,,,,,,,,,,,,
HC2025,Duz All Advanced Concentrated Multi Purpose Cleaner (Biosafe Formula) (500ml),260,226,113,4.19,,,,,,,,,,,,,,,,,,,,
HC2021,HD Heavy Duty Floor Cleaner (500ml),160,139,69.5,2.57,,,,,,,,,,,,,,,,,,,,
HC0026,Silver Dip Instant Silver Cleaner (300ml),225,196,98,3.63,,,,,,,,,,,,,,,,,,,,
HC3028,Spic ‘N’ Span Scale & Bathroom Cleaner 250ml,135,117,58.5,2.17,,,,,,,,,,,,,,,,,,,,
HC0027,Beyond Blue (750ml),162,141,70.5,2.61,,,,,,,,,,,,,,,,,,,,
HC5005,One Der Scrub (4 N),135,117,58.5,2.17,,,,,,,,,,,,,,,,,,,,
HC2024,"Sparkle Advanced Concentrated Glass Cleaner with
antifog effect (Biosafe Formula) (500ml)",175,152,76,2.81,,,,,,,,,,,,,,,,,,,,
HC2018,"One Der Drop Advanced Concentrated Dish Washing
Liquid (Biosafe Formula) (500ml)",202,176,88,3.26,,,,,,,,,,,,,,,,,,,,
HC0006,"One Der Drop Advanced Concentrated Dish Washing
Liquid (Original Formula) (500ml)",202,176,88,3.26,,,,,,,,,,,,,,,,,,,,
HC3027,SteriClean Powerful Disinfectant Cleaner Original (250ml),110,96,48,1.78,,,,,,,,,,,,,,,,,,,,
HC2019,SteriClean Powerful Disinfectant Cleaner Original (500ml),213,185,92.5,3.43,,,,,,,,,,,,,,,,,,,,
HC2027,SteriClean Powerful Disinfectant Cleaner Lime (500ml),213,185,92.5,3.43,,,,,,,,,,,,,,,,,,,,
HC2028,SteriClean Powerful Disinfectant Cleaner Khus (500ml),213,185,92.5,3.43,,,,,,,,,,,,,,,,,,,,
HC2026,SteriClean Powerful Disinfectant Cleaner Advanced (500ml),220,191,95.5,3.54,,,,,,,,,,,,,,,,,,,,
HC0020,Germi Bust Multi-surface Disinfectant Spray (170g),175,159,63.60,2.36,,,,,,,,,,,,,,,,,,,,
HC0021,Fruveg Fruit And Vegetable Wash (500ml),288,250,125,4.63,,,,,,,,,,,,,,,,,,,,
LC1018,Washmate Popular Detergent Powder (1Kg),157,143,50.05,1.85,,,,,,,,,,,,,,,,,,,,
LC2015,Washmate Matic Concentrated Detergent Powder (500g),150,130,45.5,1.69,,,,,,,,,,,,,,,,,,,,
LC4004,Washmate PowerClean Detergent Bar (3 N x 200g),108,95,33.25,1.23,,,,,,,,,,,,,,,,,,,,
LC2017,Washmate Delicate Liquid Detergent for Woolen & Delicate Fabrics (Biosafe Formula) (500ml),350,304,182.4,6.76,,,,,,,,,,,,,,,,,,,,
LC3021,Washmate Pre Wash Dirt & Stain Remover (250ml),175,152,53.2,1.97,,,,,,,,,,,,,,,,,,,,
LC2018,Washmate 5 in 1 Liquid Detergent with Powerzyme & Natural Softener (Biosafe Formula) (500ml),375,326,195.6,7.24,,,,,,,,,,,,,,,,,,,,
FS5051,Well All Plant Protein Powder (200g),936,780,468,17.33,,,,,,,,,,,,,,,,,,,,
FS5052,Well All Plant Protein Powder (500g),2189,1824,1094.4,40.53,,,,,,,,,,,,,,,,,,,,
HL2007,Well Pudina with Tulsi (100 N),350,292,175.2,6.49,,,,,,,,,,,,,,,,,,,,
HL2004,Well Flax Oil (90 N),605,515,309,11.44,,,,,,,,,,,,,,,,,,,,
HL2005,Well Garlic Pearls (100 N),350,292,175.2,6.49,,,,,,,,,,,,,,,,,,,,
HL2003,Well Amrit Shakti (100 N),385,321,192.6,7.13,,,,,,,,,,,,,,,,,,,,
HL2008,Well Spirulina (100 N),412,350,210,7.78,,,,,,,,,,,,,,,,,,,,
HL2006,Well Noni Juice Concentrate (1L),500,465,186,6.89,,,,,,,,,,,,,,,,,,,,
HL2009,Well Multivitamin Multimineral (30 N),410,350,210,7.78,,,,,,,,,,,,,,,,,,,,
HL1002,Well Calcium Complex (60 N),466,395,237,8.78,,,,,,,,,,,,,,,,,,,,
HL2002,Well D Tox (60 N),535,457,274.2,10.16,,,,,,,,,,,,,,,,,,,,
HL1001,Well Strong & Smart (Chocolate Flavour) (200g),635,543,325.8,12.07,,,,,,,,,,,,,,,,,,,,
HL1003,Well Protein Crest (Velvet Chocolate) (500g),1337,1114,668.4,24.76,,,,,,,,,,,,,,,,,,,,
HL1005,Well Glucosamine with Boswellia & Curcumin (120 N),1470,1225,735,27.22,,,,,,,,,,,,,,,,,,,,
HL1008,Well Korean Red Ginseng-6 Yrs. Old (60 N),2200,1850,1110,41.11,,,,,,,,,,,,,,,,,,,,
HL2001,Well Cardio Activ (60 N),521,435,261,9.67,,,,,,,,,,,,,,,,,,,,
HL2012,Well Amla Juice (1L),320,299,119.6,4.43,,,,,,,,,,,,,,,,,,,,
HL2011,Well Aloe Vera (1L),300,280,112,4.15,,,,,,,,,,,,,,,,,,,,
HL2015,Well Shilajit Ojas Gold with Kesar & Safed Musli (30 N),599,499,249.5,9.24,,,,,,,,,,,,,,,,,,,,
HL2024,Well Omega 3 Antarctic Krill Oil (30 N),1435,1250,750,27.78,,,,,,,,,,,,,,,,,,,,
HL2027,Well Aloe Vera (60 N),320,275,165,6.11,,,,,,,,,,,,,,,,,,,,
HL2053,Well Turmeric (60 N),1050,900,540,20,,,,,,,,,,,,,,,,,,,,
HL2026,Well Ashwagandha (60 N),450,385,231,8.56,,,,,,,,,,,,,,,,,,,,
HL2028,Well Tulsi (60 N),450,385,231,8.56,,,,,,,,,,,,,,,,,,,,
HL2025,Well Amla (60 N),220,185,111,4.11,,,,,,,,,,,,,,,,,,,,
HL2029,Well Brahmi (60 N),450,385,231,8.56,,,,,,,,,,,,,,,,,,,,
HL2054,Well BrainActiv (30 N),1199,999,599.4,22.2,,,,,,,,,,,,,,,,,,,,
HL1006,Well Intellecte (30 N) NEW,1080,899,539.4,19.98,,,,,,,,,,,,,,,,,,,,
HL2030,Well Noni (90 N) NEW,585,500,300,11.11,,,,,,,,,,,,,,,,,,,,
AC3005,Auto Wash Advanced - Auto Shampoo with Colour Protectants (250ml),125,109,54.5,2.02,,,,,,,,,,,,,,,,,,,,
AC3008,Auto Glow Auto Polish (500ml),450,390,195,7.22,,,,,,,,,,,,,,,,,,,,
SC0002,Schloka Moroccan Argan Oil Cleanser (200ml),445,371,222.6,8.24,,,,,,,,,,,,,,,,,,,,
SC0019,Schloka Purifying Neem & Gotukola Face Wash (60ml),198,165,99,3.67,,,,,,,,,,,,,,,,,,,,
SC0022,Schloka D Tan Face Pack with Tulsi & Clove (60ml),195,162,97.2,3.6,,,,,,,,,,,,,,,,,,,,
SC0024,Schloka Moroccan Argan Oil Scrub (60ml),219,183,109.8,4.07,,,,,,,,,,,,,,,,,,,,
SC0028,Schloka Avocado Face Scrub with Oatmeal & Neroli (60ml),280,239,143.4,5.31,,,,,,,,,,,,,,,,,,,,
SC0026,Schloka Glow Face Pack with Orange Peel & White Clay (60ml),224,187,112.2,4.16,,,,,,,,,,,,,,,,,,,,
SC0003,Schloka 3 in 1 Cleanser; Toner and Make Up Remover with Green Tea & Chamomile Extract (200ml),315,270,162,6,,,,,,,,,,,,,,,,,,,,
SC0025,Schloka Hydrating Papaya & Hibiscus Moisturizer (100ml),263,225,135,5,,,,,,,,,,,,,,,,,,,,
SC0009,Schloka Hydra - Nourish Facial Cream With Shea Butter; Almond & Olive Oil (100ml),317,264,158.4,5.87,,,,,,,,,,,,,,,,,,,,
SC0013,Schloka Rejuvenating Day Cream with Almond & Lavender (50ml),265,221,132.6,4.91,,,,,,,,,,,,,,,,,,,,
SC0020,Schloka Sun Screen Cream SPF 30 PA+++ with Gotukola & Cucumber (60ml),265,225,135,5,,,,,,,,,,,,,,,,,,,,
SC0021,Schloka Sun Screen Cream SPF 50 PA+++ with Vitamin E & Comfrey (60ml),325,271,162.6,6.02,,,,,,,,,,,,,,,,,,,,
SC0004,Schloka Anti Ageing Night Cream with Collagen and Vitamin E (50ml),255,219,131.4,4.87,,,,,,,,,,,,,,,,,,,,
SC0017,Schloka Whitening Cream with Lemon and Turmeric (50ml),270,225,135,5,,,,,,,,,,,,,,,,,,,,
SC0027,Schloka Under Eye Cream with Ashwagandha & Gotukola (20ml),164,136,81.6,3.02,,,,,,,,,,,,,,,,,,,,
SC0008,Schloka Fairness Cream with Rose & Honey (50ml),260,217,130.2,4.82,,,,,,,,,,,,,,,,,,,,
SC0006,Schloka Body Butter with Shea Butter and Almond Oil (100ml),320,267,160.2,5.93,,,,,,,,,,,,,,,,,,,,
SC3021,Schloka Purifying Lime Peel & Neem Face Wash (Men) 60ml,198,165,99,3.67,,,,,,,,,,,,,,,,,,,,
PC1001,FOTE Cleansing Gel with Apricot & Tea Tree Oil (Ph Balanced) 150ml,347,289,173.4,6.42,,,,,,,,,,,,,,,,,,,,
PC1003,FOTE Fairness Gel with Liquorice & Aloe Vera (SPF14) 150ml,316,264,158.4,5.87,,,,,,,,,,,,,,,,,,,,
PC1004,FOTE Face Pack with Neem & Rosemary (Sensitive & Acne Prone Skin) 150ml,365,304,182.4,6.76,,,,,,,,,,,,,,,,,,,,
PC5262,FOTE Cleansing Gel with Apricot & Tea Tree Oil (Ph Balanced) 100ml,275,230,115,4.26,,,,,,,,,,,,,,,,,,,,
PC5260,FOTE Fairness Gel with Liquorice & Aloe Vera (SPF14) 100ml,250,210,105,3.89,,,,,,,,,,,,,,,,,,,,
PC5261,FOTE Face Pack with Neem & Rosemary (Sensitive & Acne Prone Skin) 100ml,270,225,112.5,4.17,,,,,,,,,,,,,,,,,,,,
PC5224,Fruit of the Earth Moor Mud Facial Bar (4 N x 25g),325,271,135.5,5.02,,,,,,,,,,,,,,,,,,,,
PC5271,Fruit of the Earth Moor Mud Mask (100g),500,417,250.2,9.27,,,,,,,,,,,,,,,,,,,,
PC1017,FOTE Red Obsession - Hydra Nourish Cream (50g),399,347,173.5,6.43,,,,,,,,,,,,,,,,,,,,
PC1018,FOTE Red Obsession - Hydra Nourish Scrub (50g),399,347,173.5,6.43,,,,,,,,,,,,,,,,,,,,
PC1019,FOTE Red Obsession - Hydra Nourish Mask (50g),399,347,173.5,6.43,,,,,,,,,,,,,,,,,,,,
UC1209,Exotic Wine (4 g),695,579,347.4,12.87,,,,,,,,,,,,,,,,,,,,
UC1210,Devine Plum (4 g),695,579,347.4,12.87,,,,,,,,,,,,,,,,,,,,
UC1211,Rose Nude (4 g),695,579,347.4,12.87,,,,,,,,,,,,,,,,,,,,
UC1212,Nude Thrill (4 g),695,579,347.4,12.87,,,,,,,,,,,,,,,,,,,,
UC1601,Exotic Tangerine 01 (1.4g),730,610,366,13.56,,,,,,,,,,,,,,,,,,,,
UC1602,Scarlet 02 (1.4g),730,610,366,13.56,,,,,,,,,,,,,,,,,,,,
UC1603,Red Siren 03 (1.4g),730,610,366,13.56,,,,,,,,,,,,,,,,,,,,
UC1604,Burgundy 04 (1.4g),730,610,366,13.56,,,,,,,,,,,,,,,,,,,,
UC1605,Nude Petal 05 (1.4g),730,610,366,13.56,,,,,,,,,,,,,,,,,,,,
UC1606,Dusty Rose 06 (1.4g),730,610,366,13.56,,,,,,,,,,,,,,,,,,,,
UC1607,Rosematic 07 (1.4g),730,610,366,13.56,,,,,,,,,,,,,,,,,,,,
UC1608,Rich Berry 08 (1.4g),730,610,366,13.56,,,,,,,,,,,,,,,,,,,,
UC1609,Bombshell Pink 09 (1.4g),730,610,366,13.56,,,,,,,,,,,,,,,,,,,,
UC1610,Latte 10 (1.4g),730,610,366,13.56,,,,,,,,,,,,,,,,,,,,
UC1611,Terracotta 11 (1.4g),730,610,366,13.56,,,,,,,,,,,,,,,,,,,,
UC1612,Moody Brown 12 (1.4g),730,610,366,13.56,,,,,,,,,,,,,,,,,,,,
UCL001,Strawberry (4.5g),199,173,103.83,3.85,,,,,,,,,,,,,,,,,,,,
UCL002,Orange (4.5g),199,173,103.83,3.85,,,,,,,,,,,,,,,,,,,,
UCL003,Cherry (4.5g),199,173,103.83,3.85,,,,,,,,,,,,,,,,,,,,
UC4401,Red Rage (9 ml),215,179,107.4,3.98,,,,,,,,,,,,,,,,,,,,
UC4402,Riot (9 ml),215,179,107.4,3.98,,,,,,,,,,,,,,,,,,,,
UC4403,Parfait Pink (9 ml),215,179,107.4,3.98,,,,,,,,,,,,,,,,,,,,
UC4404,Blushing (9 ml),215,179,107.4,3.98,,,,,,,,,,,,,,,,,,,,
UC4405,Diva Pink (9 ml),215,179,107.4,3.98,,,,,,,,,,,,,,,,,,,,
UC4406,Cherry Ice (9 ml),215,179,107.4,3.98,,,,,,,,,,,,,,,,,,,,
UC4407,Marooned (9 ml),215,179,107.4,3.98,,,,,,,,,,,,,,,,,,,,
UC4408,Rouge Glam (9 ml),215,179,107.4,3.98,,,,,,,,,,,,,,,,,,,,
UC4409,Rose Pink (9 ml),215,179,107.4,3.98,,,,,,,,,,,,,,,,,,,,
UC4410,Truly Orange (9 ml),215,179,107.4,3.98,,,,,,,,,,,,,,,,,,,,
UC4411,Brick (9 ml),215,179,107.4,3.98,,,,,,,,,,,,,,,,,,,,
UC4412,Lilac (9 ml),215,179,107.4,3.98,,,,,,,,,,,,,,,,,,,,
UC4413,Nude (9 ml),215,179,107.4,3.98,,,,,,,,,,,,,,,,,,,,
UC4414,Taupe (9 ml),215,179,107.4,3.98,,,,,,,,,,,,,,,,,,,,
UC4415,Caramel (9 ml),215,179,107.4,3.98,,,,,,,,,,,,,,,,,,,,
UC4416,Mocha (9 ml),215,179,107.4,3.98,,,,,,,,,,,,,,,,,,,,
UC4417,Envy (9 ml),215,179,107.4,3.98,,,,,,,,,,,,,,,,,,,,
UC4420,Clear Top Coat (9 ml),215,179,107.4,3.98,,,,,,,,,,,,,,,,,,,,
UC4421,Gold Glitz (9 ml),215,179,107.4,3.98,,,,,,,,,,,,,,,,,,,,
UC4422,Rose Glitz (9 ml),215,179,107.4,3.98,,,,,,,,,,,,,,,,,,,,
UC4423,Sunset Glitz (9 ml),215,179,107.4,3.98,,,,,,,,,,,,,,,,,,,,
UC4424,Silver Glitz (9 ml),215,179,107.4,3.98,,,,,,,,,,,,,,,,,,,,
UC4425,Frozen Rose (9 ml),215,179,107.4,3.98,,,,,,,,,,,,,,,,,,,,
UC4426,Black Magic (9 ml),215,179,107.4,3.98,,,,,,,,,,,,,,,,,,,,
UC4427,Peach Rose (9 ml),215,179,107.4,3.98,,,,,,,,,,,,,,,,,,,,
UC4428,Trendy Peach (9 ml),215,179,107.4,3.98,,,,,,,,,,,,,,,,,,,,
UC4433,Amethyst Blue (9 ml),215,179,107.4,3.98,,,,,,,,,,,,,,,,,,,,
UC4435,Peach Vibe (9 ml),215,179,107.4,3.98,,,,,,,,,,,,,,,,,,,,
UC4440,Sangria (9 ml),215,179,107.4,3.98,,,,,,,,,,,,,,,,,,,,
UC4441,Forest Berry (9 ml),215,179,107.4,3.98,,,,,,,,,,,,,,,,,,,,
UC4442,Pink Lady (9 ml),215,179,107.4,3.98,,,,,,,,,,,,,,,,,,,,
UC4445,Hot Pink (9 ml),215,179,107.4,3.98,,,,,,,,,,,,,,,,,,,,
UC4449,Lime Green (9 ml),215,179,107.4,3.98,,,,,,,,,,,,,,,,,,,,
UCL301,Oh So Red (6 ml),135,112,67.5,2.5,,,,,,,,,,,,,,,,,,,,
UCL302,Born Red (6 ml),135,112,67.5,2.5,,,,,,,,,,,,,,,,,,,,
UCL303,Heartbeat (6 ml),135,112,67.5,2.5,,,,,,,,,,,,,,,,,,,,
UCL304,Lilies (6 ml),135,112,67.5,2.5,,,,,,,,,,,,,,,,,,,,
UCL305,Romance (6 ml),135,112,67.5,2.5,,,,,,,,,,,,,,,,,,,,
UCL306,Pink It! (6 ml),135,112,67.5,2.5,,,,,,,,,,,,,,,,,,,,
UCL307,Pink Cheeks (6 ml),135,112,67.5,2.5,,,,,,,,,,,,,,,,,,,,
UCL308,Kissable (6 ml),135,112,67.5,2.5,,,,,,,,,,,,,,,,,,,,
UCL309,Lilac Bloom (6 ml),135,112,67.5,2.5,,,,,,,,,,,,,,,,,,,,
UCL310,Flamingo (6 ml),135,112,67.5,2.5,,,,,,,,,,,,,,,,,,,,
UCL311,Sunshine (6 ml),135,112,67.5,2.5,,,,,,,,,,,,,,,,,,,,
UCL312,Last Kiss (6 ml),135,112,67.5,2.5,,,,,,,,,,,,,,,,,,,,
UCL313,Pucker Up (6 ml),135,112,67.5,2.5,,,,,,,,,,,,,,,,,,,,
UCL314,Bare Dare (6 ml),135,112,67.5,2.5,,,,,,,,,,,,,,,,,,,,
UCL315,Mysterious (6 ml),135,112,67.5,2.5,,,,,,,,,,,,,,,,,,,,
UCL316,Deep Blue (6 ml),135,112,67.5,2.5,,,,,,,,,,,,,,,,,,,,
UCL317,Teal Steal (6 ml),135,112,67.5,2.5,,,,,,,,,,,,,,,,,,,,
UCL318,Pink Gleam (6 ml),135,112,67.5,2.5,,,,,,,,,,,,,,,,,,,,
UCL319,Diva (6 ml),135,112,67.5,2.5,,,,,,,,,,,,,,,,,,,,
UCL320,Treasure Me (6 ml),135,112,67.5,2.5,,,,,,,,,,,,,,,,,,,,
UC2201,Rose (6 ml),155,130,78,2.88,,,,,,,,,,,,,,,,,,,,
UC2202,Shell (6 ml),155,130,78,2.88,,,,,,,,,,,,,,,,,,,,
UC2203,Tropix (6 ml),155,130,78,2.88,,,,,,,,,,,,,,,,,,,,
UC2204,Candy Crush (6 ml),155,130,78,2.88,,,,,,,,,,,,,,,,,,,,
UC2205,Pink Patrol (6 ml),155,130,78,2.88,,,,,,,,,,,,,,,,,,,,
UC2206,Deep Fuchsia (6 ml),155,130,78,2.88,,,,,,,,,,,,,,,,,,,,
UC2207,Cherry Charm (6 ml),155,130,78,2.88,,,,,,,,,,,,,,,,,,,,
UC2208,Peach Silk (6 ml),155,130,78,2.88,,,,,,,,,,,,,,,,,,,,
UC2209,Maple (6 ml),155,130,78,2.88,,,,,,,,,,,,,,,,,,,,
UC2210,Cinnamon (6 ml),155,130,78,2.88,,,,,,,,,,,,,,,,,,,,
UC2211,Wild Fire Red (6 ml),155,130,78,2.88,,,,,,,,,,,,,,,,,,,,
UC2212,Scarlet Boon (6 ml),155,130,78,2.88,,,,,,,,,,,,,,,,,,,,
UC1001,Magic Red (4.2 g),495,413,247.8,9.18,,,,,,,,,,,,,,,,,,,,
UC1002,Garnet (4.2 g),495,413,247.8,9.18,,,,,,,,,,,,,,,,,,,,
UC1003,Orange Fever (4.2 g),495,413,247.8,9.18,,,,,,,,,,,,,,,,,,,,
UC1004,Pouty Pink (4.2 g),495,413,247.8,9.18,,,,,,,,,,,,,,,,,,,,
UC1005,Pink Rose (4.2 g),495,413,247.8,9.18,,,,,,,,,,,,,,,,,,,,
UC1006,Kiss Me (4.2 g),495,413,247.8,9.18,,,,,,,,,,,,,,,,,,,,
UC1007,Charming Pink (4.2 g),495,413,247.8,9.18,,,,,,,,,,,,,,,,,,,,
UC1008,Berry Crush (4.2 g),495,413,247.8,9.18,,,,,,,,,,,,,,,,,,,,
UC1009,Purple Love (4.2 g),495,413,247.8,9.18,,,,,,,,,,,,,,,,,,,,
UC1010,Maroon Magic (4.2 g),495,413,247.8,9.18,,,,,,,,,,,,,,,,,,,,
UC1016,Vibrant Pink (4.2 g),495,413,247.8,9.18,,,,,,,,,,,,,,,,,,,,
UC1019,Smoke Red (4.2 g),495,413,247.8,9.18,,,,,,,,,,,,,,,,,,,,
UC1501,Dreamed (4.2 g),495,413,247.8,9.18,,,,,,,,,,,,,,,,,,,,
UC1502,Deepwine (4.2 g),495,413,247.8,9.18,,,,,,,,,,,,,,,,,,,,
UC1503,Dreamy Pink (4.2 g),495,413,247.8,9.18,,,,,,,,,,,,,,,,,,,,
UC1504,Kissable (4.2 g),495,413,247.8,9.18,,,,,,,,,,,,,,,,,,,,
UC1505,Crushed Rose (4.2 g),495,413,247.8,9.18,,,,,,,,,,,,,,,,,,,,
UC1506,Cupid (4.2 g),495,413,247.8,9.18,,,,,,,,,,,,,,,,,,,,
UC1507,Pink Bouquet (4.2 g),495,413,247.8,9.18,,,,,,,,,,,,,,,,,,,,
UC1508,Peach Passion (4.2 g),495,413,247.8,9.18,,,,,,,,,,,,,,,,,,,,
UC1509,Forever Love (4.2 g),495,413,247.8,9.18,,,,,,,,,,,,,,,,,,,,
UC1510,Hot Fushia (4.2 g),495,413,247.8,9.18,,,,,,,,,,,,,,,,,,,,
UC1511,Orange Blaze (4.2 g),495,413,247.8,9.18,,,,,,,,,,,,,,,,,,,,
UC1512,Coffee Twist (4.2 g),495,413,247.8,9.18,,,,,,,,,,,,,,,,,,,,
UC1513,Red Sizzle (4.2 g),495,413,247.8,9.18,,,,,,,,,,,,,,,,,,,,
UC1514,Mauve Berry (4.2 g),495,413,247.8,9.18,,,,,,,,,,,,,,,,,,,,
UC1515,Pink Fantasy (4.2 g),495,413,247.8,9.18,,,,,,,,,,,,,,,,,,,,
UC1516,Deep Red (4.2 g),495,413,247.8,9.18,,,,,,,,,,,,,,,,,,,,
UC1517,Molten Coral (4.2 g),495,413,247.8,9.18,,,,,,,,,,,,,,,,,,,,
UC1518,Pink Cocoa (4.2 g),495,413,247.8,9.18,,,,,,,,,,,,,,,,,,,,
UC1519,Brown Magic (4.2 g),495,413,247.8,9.18,,,,,,,,,,,,,,,,,,,,
UC1520,Orange Rum (4.2 g),495,413,247.8,9.18,,,,,,,,,,,,,,,,,,,,
UC1521,Burnt Orange (4.2 g),495,413,247.8,9.18,,,,,,,,,,,,,,,,,,,,
UC1522,Peach Love (4.2 g),495,413,247.8,9.18,,,,,,,,,,,,,,,,,,,,
UC1523,Soft Rose (4.2 g),495,413,247.8,9.18,,,,,,,,,,,,,,,,,,,,
UC1524,Brown Sugar (4.2 g),495,413,247.8,9.18,,,,,,,,,,,,,,,,,,,,
UCL101,Rosewood (4.2 g),359,299,179.5,6.65,,,,,,,,,,,,,,,,,,,,
UCL102,Punch (4.2 g),359,299,179.5,6.65,,,,,,,,,,,,,,,,,,,,
UCL103,French Rose (4.2 g),359,299,179.5,6.65,,,,,,,,,,,,,,,,,,,,
UCL104,Bubblegum (4.2 g),359,299,179.5,6.65,,,,,,,,,,,,,,,,,,,,
UCL105,Salmon (4.2 g),359,299,179.5,6.65,,,,,,,,,,,,,,,,,,,,
UCL106,Cerise (4.2 g),359,299,179.5,6.65,,,,,,,,,,,,,,,,,,,,
UCL107,Hibiscus (4.2 g),359,299,179.5,6.65,,,,,,,,,,,,,,,,,,,,
UCL108,Amber (4.2 g),359,299,179.5,6.65,,,,,,,,,,,,,,,,,,,,
UCL109,Raspberry (4.2 g),359,299,179.5,6.65,,,,,,,,,,,,,,,,,,,,
UCL110,Imperial (4.2 g),359,299,179.5,6.65,,,,,,,,,,,,,,,,,,,,
UCL111,Pure Red (4.2 g),359,299,179.5,6.65,,,,,,,,,,,,,,,,,,,,
UCL112,Barn Red (4.2 g),359,299,179.5,6.65,,,,,,,,,,,,,,,,,,,,
UCL113,Alabama (4.2 g),359,299,179.5,6.65,,,,,,,,,,,,,,,,,,,,
UCL114,Suedeberry (4.2 g),359,299,179.5,6.65,,,,,,,,,,,,,,,,,,,,
UCL115,Magnetic (4.2 g),359,299,179.5,6.65,,,,,,,,,,,,,,,,,,,,
UCL116,Guava Jelly (4.2 g),359,299,179.5,6.65,,,,,,,,,,,,,,,,,,,,
UCL117,Ballerina (4.2 g),359,299,179.5,6.65,,,,,,,,,,,,,,,,,,,,
UCL118,Chestnut (4.2 g),359,299,179.5,6.65,,,,,,,,,,,,,,,,,,,,
UCL119,Almond Joy (4.2 g),359,299,179.5,6.65,,,,,,,,,,,,,,,,,,,,
UCL120,Sand Storm (4.2 g),359,299,179.5,6.65,,,,,,,,,,,,,,,,,,,,
UCL121,Gingerbread (4.2 g),359,299,179.5,6.65,,,,,,,,,,,,,,,,,,,,
UCL122,Plum (4.2 g),359,299,179.5,6.65,,,,,,,,,,,,,,,,,,,,
UCL123,Wine Me (4.2 g),359,299,179.5,6.65,,,,,,,,,,,,,,,,,,,,
UCL124,Vamp It Up (4.2 g),359,299,179.5,6.65,,,,,,,,,,,,,,,,,,,,
UC1201,Coral Rush (4 g),695,579,347.4,12.87,,,,,,,,,,,,,,,,,,,,
UC1202,Rouge (4 g),695,579,347.4,12.87,,,,,,,,,,,,,,,,,,,,
UC1203,Power Red (4 g),695,579,347.4,12.87,,,,,,,,,,,,,,,,,,,,
UC1204,Sepia Brown (4 g),695,579,347.4,12.87,,,,,,,,,,,,,,,,,,,,
UC1205,Bronze (4 g),695,579,347.4,12.87,,,,,,,,,,,,,,,,,,,,
UC1206,Cocoalicious (4 g),695,579,347.4,12.87,,,,,,,,,,,,,,,,,,,,
UC1207,Pink Velvet (4 g),695,579,347.4,12.87,,,,,,,,,,,,,,,,,,,,
UC1208,Orchid (4 g),695,579,347.4,12.87,,,,,,,,,,,,,,,,,,,,
UC2213,Hot Chilli (6 ml),155,130,78,2.88,,,,,,,,,,,,,,,,,,,,
UC2214,Sugared Spice (6 ml),155,130,78,2.88,,,,,,,,,,,,,,,,,,,,
UC2215,Mahogany (6 ml),155,130,78,2.88,,,,,,,,,,,,,,,,,,,,
UC2216,Blue Rapture (6 ml),155,130,78,2.88,,,,,,,,,,,,,,,,,,,,
UC2217,Midnight Star (6 ml),155,130,78,2.88,,,,,,,,,,,,,,,,,,,,
UC2218,Aqua Gray (6 ml),155,130,78,2.88,,,,,,,,,,,,,,,,,,,,
UC2219,Olives (6 ml),155,130,78,2.88,,,,,,,,,,,,,,,,,,,,
UC2220,Magic Mauve (6 ml),155,130,78,2.88,,,,,,,,,,,,,,,,,,,,
UC2221,Merry Berry (6 ml),155,130,78,2.88,,,,,,,,,,,,,,,,,,,,
UCL401,Party Pink (6 ml),140,120,72.41,2.68,,,,,,,,,,,,,,,,,,,,
UCL402,Victorian Rose (6 ml),140,120,72.41,2.68,,,,,,,,,,,,,,,,,,,,
UCL403,Berry Drop (6 ml),140,120,72.41,2.68,,,,,,,,,,,,,,,,,,,,
UCL404,Morroccan Rouge (6 ml),140,120,72.41,2.68,,,,,,,,,,,,,,,,,,,,
UCL405,Candy Cane (6 ml),140,120,72.41,2.68,,,,,,,,,,,,,,,,,,,,
UCL406,Wild Pink (6 ml),140,120,72.41,2.68,,,,,,,,,,,,,,,,,,,,
UCL407,Coral Sunset (6 ml),140,120,72.41,2.68,,,,,,,,,,,,,,,,,,,,
UCL408,Coral Haze (6 ml),140,120,72.41,2.68,,,,,,,,,,,,,,,,,,,,
UCL409,Peach Punch (6 ml),140,120,72.41,2.68,,,,,,,,,,,,,,,,,,,,
UCL410,Royal Ruby (6 ml),140,120,72.41,2.68,,,,,,,,,,,,,,,,,,,,
UCL411,Red Mars (6 ml),140,120,72.41,2.68,,,,,,,,,,,,,,,,,,,,
UCL412,Fiery Red (6 ml),140,120,72.41,2.68,,,,,,,,,,,,,,,,,,,,
UCL413,Rhubarb Red (6 ml),140,120,72.41,2.68,,,,,,,,,,,,,,,,,,,,
UCL414,Espresso (6 ml),140,120,72.41,2.68,,,,,,,,,,,,,,,,,,,,
UCL415,Hazelnut (6 ml),140,120,72.41,2.68,,,,,,,,,,,,,,,,,,,,
UCL416,Wild Orchid (6 ml),140,120,72.41,2.68,,,,,,,,,,,,,,,,,,,,
UCL417,Boysenberry (6 ml),140,120,72.41,2.68,,,,,,,,,,,,,,,,,,,,
UCL418,Smoke (6 ml),140,120,72.41,2.68,,,,,,,,,,,,,,,,,,,,
UCL419,Tide Pool (6 ml),140,120,72.41,2.68,,,,,,,,,,,,,,,,,,,,
UCL420,Ice (6 ml),140,120,72.41,2.68,,,,,,,,,,,,,,,,,,,,
UCL421,Jet Black (6 ml),140,120,72.41,2.68,,,,,,,,,,,,,,,,,,,,
UCL422,Seashell Pink (6 ml),140,120,72.41,2.68,,,,,,,,,,,,,,,,,,,,
UCL423,Lavender (6 ml),140,120,72.41,2.68,,,,,,,,,,,,,,,,,,,,
UCL424,Minty (6 ml),140,120,72.41,2.68,,,,,,,,,,,,,,,,,,,,
UCL425,Sea Green (6 ml),140,120,72.41,2.68,,,,,,,,,,,,,,,,,,,,
UCL426,Baby Blue (6 ml),140,120,72.41,2.68,,,,,,,,,,,,,,,,,,,,
UC3999,Nail Enamel Remover (110 ml),198,165,99,3.67,,,,,,,,,,,,,,,,,,,,
UC8888,Radiance Primer (30 ml),600,500,300,11.11,,,,,,,,,,,,,,,,,,,,
UC4001,Ivory (9 g),840,700,420,15.56,,,,,,,,,,,,,,,,,,,,
UC4002,Beige (9 g),840,700,420,15.56,,,,,,,,,,,,,,,,,,,,
UC4003,Porcelain (9 g),840,700,420,15.56,,,,,,,,,,,,,,,,,,,,
UC4004,Honey (9 g),840,700,420,15.56,,,,,,,,,,,,,,,,,,,,
UC4301,Classic Ivory (30 ml),550,458,274.8,10.18,,,,,,,,,,,,,,,,,,,,
UC4302,Natural (30 ml),550,458,274.8,10.18,,,,,,,,,,,,,,,,,,,,
UC4303,Nude Beige (30 ml),550,458,274.8,10.18,,,,,,,,,,,,,,,,,,,,
UC4304,Honey Beige (30 ml),550,458,274.8,10.18,,,,,,,,,,,,,,,,,,,,
UC4201,Ivory (9 g),750,625,375,13.89,,,,,,,,,,,,,,,,,,,,
UC4202,Natural (9 g),750,625,375,13.89,,,,,,,,,,,,,,,,,,,,
UC4203,Soft Beige (9 g),750,625,375,13.89,,,,,,,,,,,,,,,,,,,,
UC4101,Fresh Coral (4 g),540,440,264,9.78,,,,,,,,,,,,,,,,,,,,
UC4102,Rose Light (4 g),540,440,264,9.78,,,,,,,,,,,,,,,,,,,,
UC4103,Sheer Glow (4 g),540,440,264,9.78,,,,,,,,,,,,,,,,,,,,
UC4600,Fair (30 g),495,413,247.8,9.18,,,,,,,,,,,,,,,,,,,,
UC4601,Creme Light (30 g),495,413,247.8,9.18,,,,,,,,,,,,,,,,,,,,
UC4602,Warm (30 g),495,413,247.8,9.18,,,,,,,,,,,,,,,,,,,,
UC4701,White Ice (9 g),425,354,212.4,7.87,,,,,,,,,,,,,,,,,,,,
UC4702,Light Bisque (9 g),425,354,212.4,7.87,,,,,,,,,,,,,,,,,,,,
UC4703,Natural Finish (9 g),425,354,212.4,7.87,,,,,,,,,,,,,,,,,,,,
UC4305,Ivory Light 01 (25 ml),1199,999,599.4,22.2,,,,,,,,,,,,,,,,,,,,
UC4306,Beige Light 02 (25 ml),1199,999,599.4,22.2,,,,,,,,,,,,,,,,,,,,
UC4307,Soft Shell 03 (25 ml),1199,999,599.4,22.2,,,,,,,,,,,,,,,,,,,,
UC9017,Pro Wear Brow Pencil (1.08 g),600,520,312,11.56,,,,,,,,,,,,,,,,,,,,
UC9018,Pro Micellar Bi-Phase Makeup Cleanser (150ml),499,434,260.4,9.64,,,,,,,,,,,,,,,,,,,,
UC9019,Instant Radiance Illuminating Lotion (30ml),1399,1216,729.6,27.02,,,,,,,,,,,,,,,,,,,,
UC4204,Ivory Light 01 (9 g),899,782,469.2,17.38,,,,,,,,,,,,,,,,,,,,
UC4205,Beige Light 02 (9 g),899,782,469.2,17.38,,,,,,,,,,,,,,,,,,,,
UC4206,Soft Shell 03 (9 g),899,782,469.2,17.38,,,,,,,,,,,,,,,,,,,,
UC4801,30 N wipes,255,213,127.8,4.73,,,,,,,,,,,,,,,,,,,,
UC9000,Blackest Black (0.35 g),360,300,180,6.67,,,,,,,,,,,,,,,,,,,,
UC9999,Black (9 ml),595,496,297.6,11.02,,,,,,,,,,,,,,,,,,,,
UC7001,Daring Smokey (8 g),1400,1167,700.2,25.93,,,,,,,,,,,,,,,,,,,,
UC7002,Everlasting Fun (8 g),1400,1167,700.2,25.93,,,,,,,,,,,,,,,,,,,,
0001ML,Super Black (2.5 ml),700,593,355.8,13.18,,,,,,,,,,,,,,,,,,,,
0002ML,Super Blue (2.5 ml) - TILL STOCKS LAST,700,593,355.8,13.18,,,,,,,,,,,,,,,,,,,,
UC9013,Jet Black 001 (1 ml),630,525,315,11.67,,,,,,,,,,,,,,,,,,,,
UC9014,Starry Night Blue 002 (1 ml) - TILL STOCKS LAST,630,525,315,11.67,,,,,,,,,,,,,,,,,,,,
UC9015,Deep Brown 003 (1 ml) - TILL STOCKS LAST,630,525,315,11.67,,,,,,,,,,,,,,,,,,,,
UC9001,Deep Black 001 (1.2g),535,445,267,9.89,,,,,,,,,,,,,,,,,,,,
UC9002,Aqua Black 002 (1.2g),535,445,267,9.89,,,,,,,,,,,,,,,,,,,,
UC9003,Royal Blue 003 (1.2g),535,445,267,9.89,,,,,,,,,,,,,,,,,,,,
UC9004,Cobalt Blue 004 (1.2g),535,445,267,9.89,,,,,,,,,,,,,,,,,,,,
UC9005,Gypsy Teal 005 (1.2g),535,445,267,9.89,,,,,,,,,,,,,,,,,,,,
UC9006,Go Green 006 (1.2g),535,445,267,9.89,,,,,,,,,,,,,,,,,,,,
UC9007,Brownie 007 (1.2g),535,445,267,9.89,,,,,,,,,,,,,,,,,,,,
UC9008,Copper 008 (1.2g) - TILL STOCKS LAST,535,445,267,9.89,,,,,,,,,,,,,,,,,,,,
UC9009,Silver Shine 009 (1.2g),535,445,267,9.89,,,,,,,,,,,,,,,,,,,,
UC9010,Goldmine 010 (1.2g),535,445,267,9.89,,,,,,,,,,,,,,,,,,,,
UC9011,Slate Grey 011 (1.2g),535,445,267,9.89,,,,,,,,,,,,,,,,,,,,
UC9012,Deep Purple 012 (1.2g),535,445,267,9.89,,,,,,,,,,,,,,,,,,,,
UC5001,Perfect Matte Lipstick 10 in 1 Sampler Set of Corals; Reds & Browns (10 N x 0.6g),299,249,49.8,1.84,,,,,,,,,,,,,,,,,,,,
UC5002,Perfect Matte Lipstick 10 in 1 Sampler Set of Pinks; Mauves & Berries (10 N x 0.6g),299,249,49.8,1.84,,,,,,,,,,,,,,,,,,,,
UC5003,Crème Glam Lipstick 10 in 1 Sampler Set of Corals; Reds & Browns (10 N x 0.6g),299,249,49.8,1.84,,,,,,,,,,,,,,,,,,,,
UC5004,Crème Glam Lipstick 10 in 1 Sampler Set of Pinks; Mauves & Berries (10 N x 0.6g),299,249,49.8,1.84,,,,,,,,,,,,,,,,,,,,
UC5005,Perfect Matte & Crème Glam Mix Palette Lipstick 10 in 1 Sampler (10 N x 0.6g),299,249,49.8,1.84,,,,,,,,,,,,,,,,,,,,
UC9021,Urban Color Flawless Finish Beauty Sponge-Black (1 N),199,173,86.52,3.2,,,,,,,,,,,,,,,,,,,,
UC9022,Urban Color Flawless Finish Beauty Sponge-Pink (1 N),199,173,86.52,3.2,,,,,,,,,,,,,,,,,,,,
UC8001,Urban Color Travel Buddy Nail Lacquer Wipes (30 N),150,130,65.22,2.42,,,,,,,,,,,,,,,,,,,,
UC9020,Urban Color Shape Up Crystal Nail Filer-Black (1 N),175,152,60.87,2.25,,,,,,,,,,,,,,,,,,,,
UC9023,Urban Color Shape Up Crystal Nail Filer-Pink (1 N),175,152,60.87,2.25,,,,,,,,,,,,,,,,,,,,
UC9016,Urban Color Pencil Sharpener (1 N),175,125,62.5,2.31,,,,,,,,,,,,,,,,,,,,
0001LB,Urban Color Retractable Lip Brush 1 N (Till stocks last),390,325,65,2.41,,,,,,,,,,,,,,,,,,,,
0001DT,Urban Color Nail Lacquer Display Tray 1 N (Till stocks last),710,710,71,2.63,,,,,,,,,,,,,,,,,,,,
UC4901,Pro White Fresh Radiance Day Cream (30 g),1599,1390,834,30.89,,,,,,,,,,,,,,,,,,,,
UC4902,Pro White Replenishing Night Cream (30 g),1599,1390,834,30.89,,,,,,,,,,,,,,,,,,,,
UC4903,Pro White Fresh Radiance Lotion (30 ml),1699,1477,886.2,32.82,,,,,,,,,,,,,,,,,,,,
UC4904,Pro White Anti-Spot Radiance Serum (10 ml),499,434,260.4,9.64,,,,,,,,,,,,,,,,,,,,
UC4905,Pro White Advance Anti-Wrinkle & Nourishing Tencel Sheet Mask with Collagen (25 ml),199,173,103.83,3.85,,,,,,,,,,,,,,,,,,,,
UC4906,Pro White Super Soothing & Anti - Ageing Tencel Sheet Mask with Aloe (25 ml),199,173,103.83,3.85,,,,,,,,,,,,,,,,,,,,
UC5904,Power Lift Cleanser (80 ml),999,869,521.22,19.3,,,,,,,,,,,,,,,,,,,,
UC5905,Pore Minimising Mist (100 ml),999,869,521.22,19.3,,,,,,,,,,,,,,,,,,,,
UC5901,Day Cream SPF 15 (30 g),2299,1999,1199.48,44.43,,,,,,,,,,,,,,,,,,,,
UC5902,Night Cream (30 g),2299,1999,1199.48,44.43,,,,,,,,,,,,,,,,,,,,
UC5903,Collagen Boosting Serum (18 ml),1299,1129,677.74,25.1,,,,,,,,,,,,,,,,,,,,
UC5906,Under - Eye Recovery Concentrate (12 ml),1299,1129,677.74,25.1,,,,,,,,,,,,,,,,,,,,
UCL201,3 in 1 Cleanser; Makeup Remover & Hydrator (45 g),799,700,421,15.58,,,,,,,,,,,,,,,,,,,,
UCL701,Real Red (4 ml),120,99,59.4,2.2,,,,,,,,,,,,,,,,,,,,
UCL702,Real Maroon (4 ml),120,99,59.4,2.2,,,,,,,,,,,,,,,,,,,,
AG0001,Active - 80 (3 N x 100ml),369,310,186,6.89,,,,,,,,,,,,,,,,,,,,
AG0002,Active - 80 (500ml),507,441,264.6,9.8,,,,,,,,,,,,,,,,,,,,
AG0003,Active - 80 (5L),3549,3086,1851.6,68.58,,,,,,,,,,,,,,,,,,,,
AG0004,Active - 80 Gold (500ml),599,521,312.6,11.58,,,,,,,,,,,,,,,,,,,,
AG0005,Activzyme (3 N x 100ml),429,374,224.4,8.31,,,,,,,,,,,,,,,,,,,,
AG0006,Activzyme (500ml),610,530,318,11.78,,,,,,,,,,,,,,,,,,,,
AG0008,Activmax (3 N x 100ml),546,474,284.4,10.53,,,,,,,,,,,,,,,,,,,,
AG0009,Activmax (500ml),744,647,388.2,14.38,,,,,,,,,,,,,,,,,,,,
MJ0003,Chandini (Necklace 1N + Earring 2N),3349,3045,1218,45.11,,,,,,,,,,,,,,,,,,,,
MJ0013,Kamal Jhumki Pink (Earring 2N),3349,3045,1218,45.11,,,,,,,,,,,,,,,,,,,,
MJ0004,Kamal Jhumki Green (Earring 2N),3349,3045,1218,45.11,,,,,,,,,,,,,,,,,,,,
MJ0007,Tara (Earring 2N),1249,1135,454,16.81,,,,,,,,,,,,,,,,,,,,
MJ0008,Trishna (Necklace 1N + Earring 2N),4999,4545,1818,67.33,,,,,,,,,,,,,,,,,,,,
MJ0009,Mohini (Earring 2N),2499,2272,908.8,33.66,,,,,,,,,,,,,,,,,,,,
MJ0011,Manik Panna Mala (Necklace 1N),1499,1317,526.8,19.51,,,,,,,,,,,,,,,,,,,,
MJ0012,Mayuri (Earring 2N),2699,2454,981.6,36.36,,,,,,,,,,,,,,,,,,,,
MJ0018,Tarang (Necklace 1N + Earring 2N),2849,2590,1036,38.37,,,,,,,,,,,,,,,,,,,,
MJR120,"Kundan Kangan Red (Bangles 2N - 2.8"")",1599,1454,581.6,21.54,,,,,,,,,,,,,,,,,,,,
MJ0020,"Kundan Kangan Red (Bangles 2N - 2.6"")",1599,1454,581.6,21.54,,,,,,,,,,,,,,,,,,,,
MJR020,"Kundan Kangan Red (Bangles 2N - 2.4"")",1599,1454,581.6,21.54,,,,,,,,,,,,,,,,,,,,
MJG121,"Kundan Kangan Green (Bangles 2N - 2.8"")",1599,1454,581.6,21.54,,,,,,,,,,,,,,,,,,,,
MJ0021,"Kundan Kangan Green (Bangles 2N - 2.6"")",1599,1454,581.6,21.54,,,,,,,,,,,,,,,,,,,,
MJG021,"Kundan Kangan Green (Bangles 2N - 2.4"")",1599,1454,581.6,21.54,,,,,,,,,,,,,,,,,,,,
MJ0022,Nayantara (Necklace 1N + Earring 2N),2200,2000,800,29.63,,,,,,,,,,,,,,,,,,,,
MJ0014,Chand Bala (Earring 2N),1799,1635,654,24.22,,,,,,,,,,,,,,,,,,,,
MJ0043,Phool (Bracelet 1N) NEW,1299,1180.91,472.36,17.49,,,,,,,,,,,,,,,,,,,,
MJ0045,Rani (Pendant + Earring Set 3N) NEW,3999,3635.45,1454.18,53.86,,,,,,,,,,,,,,,,,,,,
MJ0049,"Kohinoor (Bangles 2N - 2.6"")",1899,1726.36,690.55,25.58,,,,,,,,,,,,,,,,,,,,
MJ0050,"Kohinoor (Bangles 2N - 2.4"")",1899,1726.36,690.55,25.58,,,,,,,,,,,,,,,,,,,,
MJ0001,Hansani (Pendent 1N + Earring 2N),1699,1545,618,22.89,,,,,,,,,,,,,,,,,,,,
MJ0002,Sia (Pendent 1N + Earring 2N),1699,1545,618,22.89,,,,,,,,,,,,,,,,,,,,
MJ0005,Pia (Bracelet 1N),849,772,308.8,11.44,,,,,,,,,,,,,,,,,,,,
MJ0006,Mehar (Bracelet 1N),949,863,345.2,12.79,,,,,,,,,,,,,,,,,,,,
MJ0010,Maya (Earring 2N),1399,1272,508.8,18.84,,,,,,,,,,,,,,,,,,,,
MJ0015,Dia (Necklace 1N + Earring 2N),2000,1818,727.2,26.93,,,,,,,,,,,,,,,,,,,,
MJ0016,Divya (Necklace 1N + Earring 2N),2399,2181,872.4,32.31,,,,,,,,,,,,,,,,,,,,
MJ0017,Moti Mala (Necklace 1N + Earring 2N),2199,1999,799.6,29.61,,,,,,,,,,,,,,,,,,,,
MJ0019,Heer (Earring 2N),1399,1272,508.8,18.84,,,,,,,,,,,,,,,,,,,,
MJ0041,Sitara (Necklace 1N + Earring 2N),2499,2272,908.8,33.66,,,,,,,,,,,,,,,,,,,,
MJ0044,Kiran (Earring 2N),1500,1363.64,545.45,20.2,,,,,,,,,,,,,,,,,,,,
MJ0046,Mahi (Bracelet Hath Pan 1N),1999,1817.27,726.91,26.92,,,,,,,,,,,,,,,,,,,,
MJ0047,Moh (Bracelet 1N),1099,999.09,399.64,14.8,,,,,,,,,,,,,,,,,,,,
MJ0048,Jahaan (Pendant 1N + Earring 2N),3999,3635.45,1454.18,53.86,,,,,,,,,,,,,,,,,,,,
MJ0023,Naaz Ruby Red (Earring 2N),1699,1545,618,22.89,,,,,,,,,,,,,,,,,,,,
MJ0024,Ada Ruby Red (Cuff 1N),3999,3635,1454,53.85,,,,,,,,,,,,,,,,,,,,
MJ0025,Ada Emerald Green (Cuff 1N),3999,3635,1454,53.85,,,,,,,,,,,,,,,,,,,,
MJ0026,Naaz Blue Sapphire (Earring 2N),1699,1545,618,22.89,,,,,,,,,,,,,,,,,,,,
MJ0027,Azra Ruby Red (Earring 2N),1799,1635,654,24.22,,,,,,,,,,,,,,,,,,,,
MJ0042,Azra Emerald Green (Earring 2N),1799,1635,654,24.22,,,,,,,,,,,,,,,,,,,,
MJ0028,Noor Ruby Red (Earring 2N),1099,999,399.6,14.8,,,,,,,,,,,,,,,,,,,,
MJ0029,Saira (Earring 2N),1099,999,399.6,14.8,,,,,,,,,,,,,,,,,,,,
MJ0030,Shabnam Rose Quartz (Earring 2N),1099,999,399.6,14.8,,,,,,,,,,,,,,,,,,,,
MJ0031,Zeenat (Bracelet 1N),1999,1817,726.8,26.92,,,,,,,,,,,,,,,,,,,,
MJ0032,Nausheen (Bracelet 1N),1999,1817,726.8,26.92,,,,,,,,,,,,,,,,,,,,
MJ0033,Zoya (Earring 2N),899,817,326.8,12.1,,,,,,,,,,,,,,,,,,,,
MJ0034,Nazia Onyx Pink (Earring 2N),1299,1181,472.4,17.5,,,,,,,,,,,,,,,,,,,,
MJ0036,Noor Emerald Green (Earring 2N),1099,999,399.6,14.8,,,,,,,,,,,,,,,,,,,,
MJ0037,Nazia Onyx Blue (Earring 2N),1299,1181,472.4,17.5,,,,,,,,,,,,,,,,,,,,
MJ0038,Ada Antique (Cuff 1N),3999,3635,1454,53.85,,,,,,,,,,,,,,,,,,,,
MJ0039,Shabnam Aqua (Earring 2N),899,817,326.8,12.1,,,,,,,,,,,,,,,,,,,,
MJ0040,Fiza (Earring 2N),899,817,326.8,12.1,,,,,,,,,,,,,,,,,,,,
601014,Modicare Consultant Bundi (Medium),1950,1950,390,14.44,,,,,,,,,,,,,,,,,,,,
601015,Modicare Consultant Bundi (Large),1950,1950,390,14.44,,,,,,,,,,,,,,,,,,,,
601016,Modicare Consultant Bundi (XL),1950,1950,390,14.44,,,,,,,,,,,,,,,,,,,,
601017,Modicare Consultant Bundi (XXL),1950,1950,390,14.44,,,,,,,,,,,,,,,,,,,,
601018,Modicare Consultant Bundi (XXXL),1950,1950,390,14.44,,,,,,,,,,,,,,,,,,,,
601000,Modicare Consultant Kurti+Leggings (Small),1700,1700,340,12.59,,,,,,,,,,,,,,,,,,,,
601005,Modicare Consultant Kurti+Leggings (Medium),1700,1700,340,12.59,,,,,,,,,,,,,,,,,,,,
601006,Modicare Consultant Kurti+Leggings (Large),1700,1700,340,12.59,,,,,,,,,,,,,,,,,,,,
601007,Modicare Consultant Kurti+Leggings (XL),1700,1700,340,12.59,,,,,,,,,,,,,,,,,,,,
601008,Modicare Consultant Kurti+Leggings (XXL),1700,1700,340,12.59,,,,,,,,,,,,,,,,,,,,
601001,Modicare Consultant Saree With Blouse Piece,1700,1700,340,12.59,,,,,,,,,,,,,,,,,,,,
605000,Azadi Medal (1 N),75,75,15,0.56,,,,,,,,,,,,,,,,,,,,
600902,Modicare Backpack (1 N),975,975,195,7.22,,,,,,,,,,,,,,,,,,,,
600903,Modicare Mug (1 N),130,130,26,0.96,,,,,,,,,,,,,,,,,,,,
600862,Modicare Car Sticker (10 N),220,220,44,1.63,,,,,,,,,,,,,,,,,,,,
600863,Modicare Bike Sticker (10 N),90,90,18,0.67,,,,,,,,,,,,,,,,,,,,
600824,Modicare T-Shirt (1 N),795,795,159,5.89,,,,,,,,,,,,,,,,,,,,
600836,Modicare Carry Bag (1 N),5,5,0,0,,,,,,,,,,,,,,,,,,,,
600848,Atoot Bandhan Button Buddies (I Love Modicare & I Am Priceless) (2 N),40,40,8,0.3,,,,,,,,,,,,,,,,,,,,
600846,Atoot Bandhan Mouli (1 N),25,25,5,0.19,,,,,,,,,,,,,,,,,,,,
600901,Modicare Demo Kit (1 N),495,495,198,7.33,,,,,,,,,,,,,,,,,,,,
606035,5 in 1 Azadi Catalogue - August 2020 (1 N),75,75,0,0,,,,,,,,,,,,,,,,,,,,
606041,Sapne (Product Catalogue) - Mizo (1 N),35,35,0,0,,,,,,,,,,,,,,,,,,,,
600920,Sapne (Product Catalogue) - English (1 N),32,32,6.4,0.24,,,,,,,,,,,,,,,,,,,,
601023,Urban Color (Product Catalogue)-English (1 N),30,30,6,0.22,,,,,,,,,,,,,,,,,,,,
601035,Arogya-The Health & Wellness Guide English (1 N),49,49,0,0,,,,,,,,,,,,,,,,,,,,
601036,Arogya-The Health & Wellness Guide Hindi (1 N),49,49,0,0,,,,,,,,,,,,,,,,,,,,
606036,Modicare Digital Product Booklet English (1 N),12,10,0,0,,,,,,,,,,,,,,,,,,,,
606037,Modicare Digital Product Booklet Hindi (1 N),12,10,0,0,,,,,,,,,,,,,,,,,,,,
606021,Well- Wheel of Nutrition English (1 N),20,20,0,0,,,,,,,,,,,,,,,,,,,,
606022,Well- Wheel of Nutrition Hindi (1 N),20,20,0,0,,,,,,,,,,,,,,,,,,,,
606023,Product Pocket Brochure - Home Care English (1 N),15,15,0,0,,,,,,,,,,,,,,,,,,,,
606024,Product Pocket Brochure - Home Care Hindi (1 N),15,15,0,0,,,,,,,,,,,,,,,,,,,,
606030,Flip Chart - Parivartan & Shuruaat English (1 N),300,300,75,2.77,,,,,,,,,,,,,,,,,,,,
601032,Urban Color Intense Impact Lipstick Shade Card (1 N),6,6,1.2,0.04,,,,,,,,,,,,,,,,,,,,
600725,Consultant Application Form (2 N),20,20,0,0,,,,,,,,,,,,,,,,,,,,
606033,Consultant Product Order Form,0,0,0,0,,,,,,,,,,,,,,,,,,,,
606034,Customer Price List,0,0,0,0,,,,,,,,,,,,,,,,,,,,
WAT001,SM Men's (Day & Date) Two Tone Rose Gold Watch (1 N),3449,2999,1499.5,55.54,,,,,,,,,,,,,,,,,,,,
WAT002,SM Men's (Day & Date) Two Tone Gold Watch (1 N),3449,2999,1499.5,55.54,,,,,,,,,,,,,,,,,,,,
WAT003,SM Men's (Day & Date) Black Dial Leather Strap Watch (1N),2599,2249,1124.5,41.65,,,,,,,,,,,,,,,,,,,,
WAT004,SM Men's (Date) Gold Watch (1 N),2999,2599,1299.5,48.13,,,,,,,,,,,,,,,,,,,,
WAT005,SM Men's (Day & Date) Square Two Tone Gold Watch (1 N),2999,2599,1299.5,48.13,,,,,,,,,,,,,,,,,,,,
WAT006,SM His N Her Rose Gold Combo Watch Pack (2 N),5500,4799,2399.5,88.87,,,,,,,,,,,,,,,,,,,,
WAT007,SM Ladies Rose Gold Watch (1 N),2999,2599,1299.5,48.13,,,,,,,,,,,,,,,,,,,,
WAT008,SM Ladies Rose Gold Watch (1 N),2599,2249,1124.5,41.65,,,,,,,,,,,,,,,,,,,,
WAT010,SM Ladies Stone Embedded Two Tone Gold Watch (1 N),2599,2249,1124.5,41.65,,,,,,,,,,,,,,,,,,,,
WAT011,SM Ladies Stone Embedded Two Tone Gold Watch With Mesh Metal Strap (1 N),2999,2599,1299.5,48.13,,,,,,,,,,,,,,,,,,,,
MG0001,Mighty Guard Mobile Security (1 N),799,665.83,399,14.78,,,,,,,,,,,,,,,,,,,,
600900,Modicare Consultant Bundi (Small),1950,1950,390,14.44,,,,,,,,,,,,,,,,,,,,
601014,Modicare Consultant Bundi (Medium),1950,1950,390,14.44,,,,,,,,,,,,,,,,,,,,
601015,Modicare Consultant Bundi (Large),1950,1950,390,14.44,,,,,,,,,,,,,,,,,,,,
601016,Modicare Consultant Bundi (XL),1950,1950,390,14.44,,,,,,,,,,,,,,,,,,,,
601017,Modicare Consultant Bundi (XXL),1950,1950,390,14.44,,,,,,,,,,,,,,,,,,,,
601018,Modicare Consultant Bundi (XXXL),1950,1950,390,14.44,,,,,,,,,,,,,,,,,,,,
601000,Modicare Consultant Kurti+Leggings (Small),1700,1700,340,12.59,,,,,,,,,,,,,,,,,,,,
601005,Modicare Consultant Kurti+Leggings (Medium),1700,1700,340,12.59,,,,,,,,,,,,,,,,,,,,
601006,Modicare Consultant Kurti+Leggings (Large),1700,1700,340,12.59,,,,,,,,,,,,,,,,,,,,
601007,Modicare Consultant Kurti+Leggings (XL),1700,1700,340,12.59,,,,,,,,,,,,,,,,,,,,
601008,Modicare Consultant Kurti+Leggings (XXL),1700,1700,340,12.59,,,,,,,,,,,,,,,,,,,,
601001,Modicare Consultant Saree With Blouse Piece,1700,1700,340,12.59,,,,,,,,,,,,,,,,,,,,
605000,Azadi Medal (1 N),75,75,15,0.56,,,,,,,,,,,,,,,,,,,,
600902,Modicare Backpack (1 N),975,975,195,7.22,,,,,,,,,,,,,,,,,,,,
600903,Modicare Mug (1 N),130,130,26,0.96,,,,,,,,,,,,,,,,,,,,
600862,Modicare Car Sticker (10 N),220,220,44,1.63,,,,,,,,,,,,,,,,,,,,
600863,Modicare Bike Sticker (10 N),90,90,18,0.67,,,,,,,,,,,,,,,,,,,,
600824,Modicare T-Shirt (1 N),795,795,159,5.89,,,,,,,,,,,,,,,,,,,,
600836,Modicare Carry Bag (1 N),5,5,0,0,,,,,,,,,,,,,,,,,,,,
600848,Atoot Bandhan Button Buddies (I Love Modicare & I Am Priceless) (2 N),40,40,8,0.3,,,,,,,,,,,,,,,,,,,,
600846,Atoot Bandhan Mouli (1 N),25,25,5,0.19,,,,,,,,,,,,,,,,,,,,
600901,Modicare Demo Kit (1 N),495,495,198,7.33,,,,,,,,,,,,,,,,,,,,
606035,5 in 1 Azadi Catalogue - August 2020 (1 N),75,75,0,0,,,,,,,,,,,,,,,,,,,,
606041,Sapne (Product Catalogue) - Mizo (1 N),35,35,0,0,,,,,,,,,,,,,,,,,,,,
600920,Sapne (Product Catalogue) - English (1 N),32,32,6.4,0.24,,,,,,,,,,,,,,,,,,,,
601023,Urban Color (Product Catalogue)-English (1 N),30,30,6,0.22,,,,,,,,,,,,,,,,,,,,
601035,Arogya-The Health & Wellness Guide English (1 N),49,49,0,0,,,,,,,,,,,,,,,,,,,,
601036,Arogya-The Health & Wellness Guide Hindi (1 N),49,49,0,0,,,,,,,,,,,,,,,,,,,,
606036,Modicare Digital Product Booklet English (1 N),12,10,0,0,,,,,,,,,,,,,,,,,,,,
606037,Modicare Digital Product Booklet Hindi (1 N),12,10,0,0,,,,,,,,,,,,,,,,,,,,
606021,Well- Wheel of Nutrition English (1 N),20,20,0,0,,,,,,,,,,,,,,,,,,,,
606022,Well- Wheel of Nutrition Hindi (1 N),20,20,0,0,,,,,,,,,,,,,,,,,,,,
606023,Product Pocket Brochure - Home Care English (1 N),15,15,0,0,,,,,,,,,,,,,,,,,,,,
606024,Product Pocket Brochure - Home Care Hindi (1 N),15,15,0,0,,,,,,,,,,,,,,,,,,,,
606030,Flip Chart - Parivartan & Shuruaat English (1 N),300,300,75,2.77,,,,,,,,,,,,,,,,,,,,
601032,Urban Color Intense Impact Lipstick Shade Card (1 N),6,6,1.2,0.04,,,,,,,,,,,,,,,,,,,,
600725,Consultant Application Form (2 N),20,20,0,0,,,,,,,,,,,,,,,,,,,,
606033,Consultant Product Order Form,0,0,0,0,,,,,,,,,,,,,,,,,,,,
606034,Customer Price List,0,0,0,0,,,,,,,,,,,,,,,,,,,,
WAT001,SM Men's (Day & Date) Two Tone Rose Gold Watch (1 N),3449,2999,1499.5,55.54,,,,,,,,,,,,,,,,,,,,
WAT002,SM Men's (Day & Date) Two Tone Gold Watch (1 N),3449,2999,1499.5,55.54,,,,,,,,,,,,,,,,,,,,
WAT003,SM Men's (Day & Date) Black Dial Leather Strap Watch (1N),2599,2249,1124.5,41.65,,,,,,,,,,,,,,,,,,,,
WAT004,SM Men's (Date) Gold Watch (1 N),2999,2599,1299.5,48.13,,,,,,,,,,,,,,,,,,,,
WAT005,SM Men's (Day & Date) Square Two Tone Gold Watch (1 N),2999,2599,1299.5,48.13,,,,,,,,,,,,,,,,,,,,
WAT006,SM His N Her Rose Gold Combo Watch Pack (2 N),5500,4799,2399.5,88.87,,,,,,,,,,,,,,,,,,,,
WAT007,SM Ladies Rose Gold Watch (1 N),2999,2599,1299.5,48.13,,,,,,,,,,,,,,,,,,,,
WAT008,SM Ladies Rose Gold Watch (1 N),2599,2249,1124.5,41.65,,,,,,,,,,,,,,,,,,,,
WAT010,SM Ladies Stone Embedded Two Tone Gold Watch (1 N),2599,2249,1124.5,41.65,,,,,,,,,,,,,,WAT009,SM Ladies Stone Embedded Black Dial Watch(1 N),2999,2599,1299.5,48.13,
WAT011,SM Ladies Stone Embedded Two Tone Gold Watch With Mesh Metal Strap (1 N),2999,2599,1299.5,48.13,,,,,,,,,,,,,,,,,,,,